<?xml version="1.0" encoding="UTF-8"?>
<configuration>
    <include resource="org/springframework/boot/logging/logback/defaults.xml"/>


    <springProfile name="dev">
        <property name="LOG_FILE" value="D:/shreya/kalpatru_impdocs/Logs/apilog.log"/>

        <include resource="org/springframework/boot/logging/logback/console-appender.xml"/>
        <appender name="ROLLING-FILE"
                  class="ch.qos.logback.core.rolling.RollingFileAppender">
            <encoder>
                <pattern>${FILE_LOG_PATTERN}</pattern>
            </encoder>
            <file>${LOG_FILE}</file>
            <rollingPolicy class="ch.qos.logback.core.rolling.TimeBasedRollingPolicy">
                <fileNamePattern>${LOG_FILE}.%d{yyyy-MM-dd}.log</fileNamePattern>
            </rollingPolicy>
        </appender>

        <appender name="STDOUT" class="ch.qos.logback.core.ConsoleAppender">
            <encoder>
                <pattern>%d{dd-MM-yyyy HH:mm:ss.SSS} %magenta([%thread]) %highlight(%-5level) %logger{36}.%M - %msg%n</pattern>
            </encoder>
        </appender>
        <logger name="com.softweb" level="debug"
                additivity="false">
            <appender-ref ref="STDOUT" />
            <appender-ref ref="ROLLING-FILE" />

        </logger>
        <root level="ERROR">
            <appender-ref ref="ROLLING-FILE"/>
            <appender-ref ref="STDOUT" />
        </root>
    </springProfile>

    <springProfile name="prod">
        <property name="LOG_FILE" value="C:/KalpatarruData/Logs/apilog.log"/>

        <include resource="org/springframework/boot/logging/logback/console-appender.xml"/>
        <appender name="ROLLING-FILE"
                  class="ch.qos.logback.core.rolling.RollingFileAppender">
            <encoder>
                <pattern>${FILE_LOG_PATTERN}</pattern>
            </encoder>
            <file>${LOG_FILE}</file>
            <rollingPolicy class="ch.qos.logback.core.rolling.TimeBasedRollingPolicy">
                <fileNamePattern>${LOG_FILE}.%d{yyyy-MM-dd}.log</fileNamePattern>
            </rollingPolicy>
        </appender>

        <appender name="STDOUT" class="ch.qos.logback.core.ConsoleAppender">
            <encoder>
                <pattern>%d{dd-MM-yyyy HH:mm:ss.SSS} %magenta([%thread]) %highlight(%-5level) %logger{36}.%M - %msg%n</pattern>
            </encoder>
        </appender>
        <logger name="com.softweb" level="debug"
                additivity="false">
            <appender-ref ref="STDOUT" />
            <appender-ref ref="ROLLING-FILE" />

        </logger>
        <root level="ERROR">
            <appender-ref ref="ROLLING-FILE"/>
            <appender-ref ref="STDOUT" />
        </root>
    </springProfile>



</configuration>